<?xml version="1.0" encoding="UTF-8"?>
<project-private xmlns="http://www.netbeans.org/ns/project-private/1">
    <editor-bookmarks xmlns="http://www.netbeans.org/ns/editor-bookmarks/2" lastBookmarkId="0"/>
    <open-files xmlns="http://www.netbeans.org/ns/projectui-open-files/2">
        <group>
            <file>file:/H:/Code%20With%20Harry%20Ad%20Dv/pams-01-final/src/main/webapp/index.jsp</file>
            <file>file:/H:/Code%20With%20Harry%20Ad%20Dv/pams-01-final/src/main/webapp/login.jsp</file>
        </group>
    </open-files>
</project-private>
